addr,web_add,company_info,company,pay,jobname
北京-海淀区,https://jobs.51job.com/all/co3607448.html,"1.负责设计和开发分布式网络爬虫系统，进行多平台信息的抓取和分析工作； ,2.负责网页信息和APP数据抽取、清洗、消重等工作，提升平台的抓取效率；,3.参与爬虫核心算法和策略优化，熟悉采集系统的调度策略；,4.实时监控爬虫的进度和警报反馈。,1.本科以上学历，2年以上工作经验；,2.熟悉Linux系统，掌握Java,Python等语言,熟悉常用爬虫框架,如Scrapy,webmagic等；,3.熟悉HTML/JavaScript/CSS/xpath/url/Ajax/xml等web技知识,熟悉WebDriver、phantomjs等工具；,4.掌握网页抓取原理及技术，了解基于Cookie的登录原理，熟悉基于正则表达式、XPath、CSS等网页信息抽取技术；,5.熟悉mysql、redis，mongodb等,熟悉Internet基本协议（如TCP/IP. HTTP等）；,6.能够解决封账号、封IP采集等问题,解决网页抓取、信息抽取等问题,构建完善的网络信息收集平台；,7.熟悉整个爬虫的设计及实现流程，有从事网络爬虫、网页信息抽取开发经验，熟悉反爬虫技术，有分布式爬虫架构经验；,8.有数据分析、数据挖掘相关经验者优先，有良好的沟通能力和责任感，能够承担工作压力，独立分析和解决问题者优先。",搜狐媒体,2-3.5万/月,搜狐媒体-搜狐资讯客户端-python爬虫开发(职位编号：sohu009633)
北京-昌平区,https://jobs.51job.com/all/co3913072.html,"岗位职责： ,  1、设计和实现公司相关产品的后台架构设计以及相关模块的开发；,  2、协助算法工程师进行代码优化和工程化；,    ,任职条件：,  1、5年以上技术工作经验，3年以上Python应用开发工作经验；,  2、统招本科及以上学历、计算机专业等相关专业；,  3、精通Python开发语言，熟悉Python Web开发框架，如Flask、Tornado等；,  4、掌握linux开发环境和shell脚本；,  5、掌握Redis、MySQL以及非结构数据库存储；,  6、了解前端技术 HTML、CSS、JS等； ,  7、熟悉restful风格api的设计和编写；,  8、熟悉tcp/ip/http协议、精通多进程、多线程编程，及进程间通信；,  9、具有优良的代码习惯，熟悉github开发流程；,  10、精通非结构数据库存储和大型Python Web开发项目经验。,  11、操作过千万级用户的互联网公司产品的优先考虑，只做外包项目不考虑。",安徽七天教育科技有限公司,2-2.5万/月,Python工程师（北京）
北京,https://jobs.51job.com/all/co2537359.html,"一：岗位职责：,1、负责Python课程体系设计和完善；,2、负责Python课程爬虫、数据分析、网站开发的讲授；,3、完成领导交办的其它工作。,任职要求：,1. 至少2年以上Python编程经验；,2. 熟练运用Python语言及常用模块；,3. 熟练django等常用开发框架；,4. 熟练Mysql, oracle数据库中任何一种；,5. 熟练HTTP, Javascript, HTML。,6.熟练树莓派设备python开发,7.熟练python机器学习实战,8.精通Linux下Shell、Python两种脚本语言；,9.精通基于Linux应用程序的管理和配置，如Tomcat、Redis、Zookeeper、Jdk、Nginx、LVS、FastDFS、GFS等",北京千锋互联科技有限公司,2.5-3万/月,python讲师
北京,https://jobs.51job.com/all/co2537359.html,"一：岗位职责：,1、负责Python课程体系设计和完善；,2、负责Python课程爬虫、数据分析、网站开发的讲授；,3、完成领导交办的其它工作。,任职要求：,1. 至少2年以上Python编程经验；,2. 熟练运用Python语言及常用模块；,3. 熟练django等常用开发框架；,4. 熟练Mysql, oracle数据库中任何一种；,5. 熟练HTTP, Javascript, HTML。,6.熟练树莓派设备python开发,7.熟练python机器学习实战,8.精通Linux下Shell、Python两种脚本语言；,9.精通基于Linux应用程序的管理和配置，如Tomcat、Redis、Zookeeper、Jdk、Nginx、LVS、FastDFS、GFS等",北京千锋互联科技有限公司,2.5-3万/月,python讲师
北京-朝阳区,https://jobs.51job.com/all/co4228684.html,,海南大云科技有限公司,2-3万/月,Python高级开发工程师
北京-朝阳区,https://jobs.51job.com/all/co4228684.html,,海南大云科技有限公司,2-3万/月,Python高级开发工程师
北京-朝阳区,https://jobs.51job.com/all/co4228684.html,,海南大云科技有限公司,2-3万/月,Python高级开发工程师
北京-朝阳区,https://jobs.51job.com/all/co3818920.html,,北京红枣科技有限公司,6-8千/月,python初级开发工程师
北京-海淀区,https://jobs.51job.com/all/co4039512.html,"职责描述：,1、流程TD,2、负责公司影视后期制作流程管理平台的设计与研发,任职要求：,  1、计算机相关专业，在影视、动画公司做过流程研发2年以上；,  2、具有较强的编程能力：Win32/MFC/PyQT；,  3、对数据结构和算法设计有较为深刻的理解；,4、熟悉以Maya为基础的CG生产流程，熟悉Maya相关制作模块,                        ,5、了解Maya/NUKE等三维制作软件API开发；",诺华视创电影科技（江苏）股份有限公司北京分公司,1-1.5万/月,Python开发工程师
北京,https://jobs.51job.com/all/co100758.html,,北京捷通华声科技股份有限公司,1-2万/月,软件测试工程师（C++、java、python）
北京,https://jobs.51job.com/all/co100758.html,,北京捷通华声科技股份有限公司,1-2万/月,软件测试工程师（C++、java、python）
北京,https://jobs.51job.com/all/co100758.html,,北京捷通华声科技股份有限公司,1-2万/月,软件测试工程师（C++、java、python）
北京-海淀区,https://jobs.51job.com/all/co3872886.html,"岗位职责：,人工智能类产品的相关开发工作,岗位要求：,1.计算机相关专业本科及以上学历，2年以上开发经验；,2.至少掌握一种动态语言的开发（如python, perl, ruby等），python优先；,3.良好的学习能力、沟通能力，较强的抗压，独立工作和解决问题的能力；,4.掌握基本的数据结构和算法知识；,5.了解机器学习相关算法理论,6.掌握C#或其他编程语言者优先。",博彦科技股份有限公司,1.2-1.5万/月,python开发工程师（机器学习）
北京,https://jobs.51job.com/all/co3453889.html,"1. 参与公司级公共技术平台的技术设计、开发和优化；,2. 负责公司核心业务工具的技术设计、开发和优化；,3. 制定接口规范，编写技术文档等。,任职资格:,1.大学本科以上学历，三年以上软件开发经验。,2.精通Python、Node.js 、PHP 或者java几种语言中的一种或多种，编写的大部分代码符合权威代码规范，具有较高的健壮性、可读性和可扩展性；,3.熟练掌握一种以上IDE的开发环境，可以解决自己和他人遇到的IDE环境问题；熟练使用SVN、Git等代码管理工具。,4.能够快速、高效地完成开发任务，且代码没有明显的bug；开发过程中能够有意识地考虑边界条件的校验和处理；,5.熟悉数据库开发，具有MySQL 或者 SQLServer、Oracle数据库开发经验，同时也具有一定的NoSQL数据库开发经验。,6.有爬虫开发相关经验者优先。,7.思维缜密，心思细腻，逻辑性较强者优先。",北京译泰教育科技有限公司,1.5-2万/月,平台工具研发工程师（python、java、php）
北京,https://jobs.51job.com/all/co3453889.html,"1. 参与公司级公共技术平台的技术设计、开发和优化；,2. 负责公司核心业务工具的技术设计、开发和优化；,3. 制定接口规范，编写技术文档等。,任职资格:,1.大学本科以上学历，三年以上软件开发经验。,2.精通Python、Node.js 、PHP 或者java几种语言中的一种或多种，编写的大部分代码符合权威代码规范，具有较高的健壮性、可读性和可扩展性；,3.熟练掌握一种以上IDE的开发环境，可以解决自己和他人遇到的IDE环境问题；熟练使用SVN、Git等代码管理工具。,4.能够快速、高效地完成开发任务，且代码没有明显的bug；开发过程中能够有意识地考虑边界条件的校验和处理；,5.熟悉数据库开发，具有MySQL 或者 SQLServer、Oracle数据库开发经验，同时也具有一定的NoSQL数据库开发经验。,6.有爬虫开发相关经验者优先。,7.思维缜密，心思细腻，逻辑性较强者优先。",北京译泰教育科技有限公司,1.5-2万/月,平台工具研发工程师（python、java、php）
北京-海淀区,https://jobs.51job.com/all/co1339312.html,"岗位职责：,1. 安全云平台研发。,2. 互联网安全产品研发。,3. 经过公司岗位培训后，能快速学习Python和Golang开发语言，与C语言配合开发云平台。,4. 快速学习安全云计算业务内容，理解并掌握，以运用到实际业务模块开发中。,5. 快速学习公司云平台开发框架，理解并熟练使用，以开发相关业务模块。,6. 基于Openstack开发和部署相关分布式网络操作系统，云计算管理平台。,注：根据任务分工，各自完成以上部分相关工作。,职位要求：,1. 应届计算机及通信专业专科以上学历。（实习生如果自学能力强也可放宽此条件。在社会又参加完C/C++、Python培训的亦可）,2. 大学其间，基于C/C++、Python的算法及数据结构学的扎实，开发过较复杂的业务逻辑模块。如果有实力或毕业设计等作品，可以带作品面试。,3. 在大学学习有其它文体特长，品学兼优者优先录用。,4. 有成熟的毕业设计和实习作品，且真实为本人实操，深入理解和运用。且较符合当前岗位需要的经验、算法亦优先录用。,5. 对云计算、互联网安全、容器即云、Openstack、底层通信协议、分式计计算有强烈的学习兴趣，愿意未来投入全部精力深入钻研。,福利待遇：,一、工作环境舒适，氛围民主；,二、健全的福利保障：社会保险（养老、医疗、失业、工伤、生育）；,三、提供良好的晋升机会；,四、工作五天制，每天8小时，9：00-18： 00，节假日按国家规定；,五、公司不定期组织各种文体活动等；,六、公司年度旅游；,七、职业发展：公司提供良好的发展空间和平台，职位内纵向晋升通道。",北京傲盾软件有限责任公司,0.6-1.2万/月,Python/Golang/Linux C/中高级研发工程师
北京-海淀区,https://jobs.51job.com/all/co4454650.html,,会找房（北京）网络技术有限公司,1.5-3万/月,Python开发工程师
北京-海淀区,https://jobs.51job.com/all/co4454650.html,,会找房（北京）网络技术有限公司,1.5-3万/月,Python开发工程师
北京-海淀区,https://jobs.51job.com/all/co1314481.html,,北京中科同向信息技术有限公司,1-2万/月,Python开发工程师
北京,https://jobs.51job.com/all/co1245844.html,,北京芝华安方体育文化有限公司,0.6-1.5万/月,Python开发工程师
北京,https://jobs.51job.com/all/co3389785.html,,北京中宇华兴科技有限公司,0.8-1万/月,Python开发工程师
北京,https://jobs.51job.com/all/co3389785.html,,北京中宇华兴科技有限公司,0.8-1万/月,Python开发工程师
北京-海淀区,https://jobs.51job.com/all/co4424636.html,,雷象科技（北京）有限公司,1.5-2万/月,python高级工程师
北京-海淀区,https://jobs.51job.com/all/co4424636.html,,雷象科技（北京）有限公司,1.5-2万/月,python高级工程师
北京-海淀区,https://jobs.51job.com/all/co4424636.html,,雷象科技（北京）有限公司,1.5-2万/月,python高级工程师
北京-海淀区,https://jobs.51job.com/all/co4424636.html,,雷象科技（北京）有限公司,1.5-2万/月,python高级工程师
北京,https://jobs.51job.com/all/co232254.html,"职位描述,1. 参与工厂能效大数据管理软件的需求分析、架构设计、代码开发、功能测试和现场部署等；,2. 参与工业大数据平台的需求分析、架构设计、代码开发和运维等,任职要求,1、精通Python、C、C++、C#、Java、PHP等任意一种开发语言,2、熟悉基于Linux系统的软件开发、运行环境,3、熟悉软件工程理论和团队开发流程,4、具有MySQL、SQL Server、Oracle 等数据库使用经验,5、良好的沟通能力、团队合作意识和创新精神、较强的英语技术交流能力,6、计算机科学、软件工程、自动化、电子信息等相关专业、大四在读或研三在读,具有以下经验优先考虑,7、熟悉git版本控制工具,8、熟悉BACnet、Modbus、OPC 、EtherNet/IP等任意一种工业通信协议,9、熟悉Kepware、Siemens Tia Portal、SIMATIC STEP 7、RSLogix、Cimplicity等任意一种工业软件,10、熟悉数据库集群或实时数据库,11、熟悉Hadoop、HBase、Kafka、Spark等大数据开发平台与工具",江森自控（中国）投资有限公司,0.8-1万/月,Python开发工程师(面向2018届毕业生)
北京,https://jobs.51job.com/all/co3851546.html,"工作要求：,1. 负责颉一安全监控，超融合数据平台等产品设计和实现，确保效率和智能是未来颉一产品的核心组成部分 , 2. 负责开发和单元测试，分析、部署和跟踪云架构领域的新系统 , 3. 编写软件工具清理和挖掘大型杂乱的结构化和非结构化数据 , 4. 使用大数据架构实现分布式数据接入和敏捷虚拟化,任职要求：,1.   工作积极主动，学习能力强 , 2. 计算机科学，计算机工程，数学，或同等的实践经验 , 3. 3~5年经验：C/C++/Java/Python （同时有多种经验者优先考虑）, 4. 精通网络编程，熟练使用多进程和多线程  ,5. 熟悉数据库技术，Oracle，DB2、SQLServer， Informix、Mysql、PostgreSql精通一种或多种优先, 6. 精通Linux系统结构，并熟练使用各种linux操作系统命令, 7. 具备良好的编程习惯，熟悉DevOps基本流程，熟练使用git等常用质量管理工具, 8. 具备良好的沟通能力和团队合作精神,9. 条理清晰，注重细节，务实",颉一软件科技有限公司,2.5-3万/月,Python高级开发工程师
空,空,空,甲骨文（中国）软件系统有限公司,空,空
北京-海淀区,https://jobs.51job.com/all/co2641513.html,"工作职责：,1. 负责小米电视内容聚合平台、内容管理和运营平台的设计与开发，主要编程语言是Python，主要Web框架是Django,2. 负责与产品经理、客户端端开发人员配合，完成前后端API的设计与开发；,3. 负责国际化业务的开发工作。,任职要求：,1. 计算机相关专业，大学本科学历以上；具备良好的计算机基础知识，熟悉常用的数据结构和算法；,2. 至少2年以上Python相关开发经验，至少熟练掌握Django/Flask/Tanado等框架中的一种；,3. 熟悉Linux开发环境和代码管理工具，熟练使用MySQL、Redis等数据库；,4. 熟悉HTML5/CSS3，JavaScript，熟悉常用框架；,5. 具备较强的需求分析能力，性格耐心细致、团队意识强，有很强的责任心。,优先条件：,1. 熟悉Django框架，有修改开源框架经验者；,2. 英文沟通能力强；,3. 具有CMS或后台运营支撑系统开发经验者。",北京小米数码科技有限公司,1.5-2.5万/月,Python开发工程师-小米电视
北京-海淀区,https://jobs.51job.com/all/co4519620.html,"职位描述： ,1 负责/参与金融类数据的抓取及清洗。,2 负责/参与金融类数据的分析及挖掘。 ,岗位要求：,1 熟悉Python，了解Tornado, Scrapy，Pandas等框架。,2 熟悉Linux系统，拥有Linux下开发经验。,3 熟悉MongoDB，了解NoSQL数据库。,4 熟悉Git和代码管理，遵循良好的代码风格（如Google Style或PEP8）。,5 能独立编写完整的系统开发文档、接口文档、单元测试。,6 能自主思考，拥有较强的自学能力与创新思维能力。",北京视野金融信息服务有限公司,1.5-2万/月,python工程师
北京-海淀区,https://jobs.51job.com/all/co4763088.html,"Python后端开发工程师,岗位职责：,根据产品需求，完成后台功能模块的设计，代码编写以及文档的编写和维护；,维护后端服务的稳定运行,有高度的责任心与进取心，良好的表达能力，能够顺畅的进行的技术交流与分享。,任职要求：,、统招本科以上学历，,年以上,后台开发经验。,、熟悉,开发流程，熟悉,框架以及,开发。,、从产品设计出发，完成后台的功能的拆分，开发和测试。,、负责后端代码的部署，保证后端稳定的运行。,、熟悉自动化测试和快速部署。,、对新技术感兴趣，学习能力强，有责任心以及良好的沟通能力和团队精神！,：,、顶尖高校技术背景， 优质学习资源与环境，技术与机会并存！,、扁平化管理，氛围轻松愉快，期待你的加入！",北京知源智生信息科技有限公司,1-1.5万/月,Python后端工程师
北京-朝阳区,https://jobs.51job.com/all/co4530849.html,,乐荐信息科技（北京）有限公司,1.5-2万/月,Python Web 开发工程师(职位编号：034)
北京-朝阳区,https://jobs.51job.com/all/co3743694.html,"一、岗位职责,1. 负责按照架构师选定的技术路线，用Python编程实现系统服务器端的业务流程；,2. 负责与前端开发人员合作，完成系统前、后端通信的API设计和开发实现。,二、任职资格,1. 正规大学本科以上学历。,2. 3年及以上Python开发经验，精通Python开发。,3. 精通Django框架，有实际应用项目经验。,4. 熟悉HTML5，Javascript，Json，熟悉Mysql数据库，熟练使用SQL。,5. 有websocket server开发经验者优先。,6. 有Redis开发、部署经验者优先。,7. 熟悉git操作。,8. 熟悉 Linux，熟悉基本的项目部署流程；",叠云（北京）科技股份有限公司,2.5-3万/月,Python高级开发工程师(职位编号：DY-ZBJ-2018121909)
北京-朝阳区,https://jobs.51job.com/all/co4826503.html,,北京麦达数字技术服务有限公司,2-3.5万/月,Python开发工程师
北京-朝阳区,https://jobs.51job.com/all/co4826503.html,,北京麦达数字技术服务有限公司,2-3.5万/月,Python开发工程师
北京-朝阳区,https://jobs.51job.com/all/co4596619.html,"岗位职责：,1. 参与移动web后台系统架构设计、开发、优化和维护；,2. 参与消息系统的架构设计、开发、优化和维护；,3. 编写相关技术文档，编写核心测试案例；,4. 跟踪和调研***热点，推进新技术在研发中使用。,岗位要求：,1. 一年或以上的python开发经验；,2. 一年或以上的web后端开发经验；,3. 熟悉Tornado/Flask/Bottle中的一个或多个框架，了解RESTful设计；,4. 熟悉Linux平台环境下的开发，掌握Linux常用命令；熟悉Shell编程的优先考虑；,5. 熟悉HTTP协议，了解socket编程；,6. 熟悉mysql/postgresql，了解sql优化的优先考虑；,7. 熟悉memcache/redis或其它nosql的使用；,8. 有MQ经验的优先考虑；,9. 熟悉nginx配置使用的优先考虑；,10. 熟悉javascript，html5等web前端开发的优先考虑。",北京中体骏彩信息技术有限公司,1.5-2万/月,Python开发工程师
空,空,空,奇虎360科技有限公司,空,空
北京,https://jobs.51job.com/all/co3321021.html,"岗位职责:,1、设计开发物联网平台系统框架，相关模块如连接、运营、报表统计等功能。,2. 设计开发实现物联网平台业务流程。,3、实现MQTT/CoAP/HTTPREST等物联网协议,4、运营网站/管理网站的功能实现。,基本条件:,1、 年龄：30岁以下，本科以上学历，；,2、了解docker运行机制,3、掌握Python语言，具有1年以上项目开发经验；,4、 至少掌握一种WEB框架，精通Django者优先考虑；,5、 熟悉Mysql数据库开发，有丰富的数据库查询和调优经验;,6、 掌握Linux系统使用，能够在linux环境下进行工作；,7、 良好的沟通技能和学习能力，团队合作精神，能独立承担工作；,8、 了解Java语言，熟悉MQTT/CoAP等物联网常用协议,岗位技能:,1、具有业务流程设计及业务数据分析能力；能够根据要求快速实现定制功能；快速把握需求的核心要点；,2、熟悉版本管理工具如svn/git等，了解敏捷管理方式，使用过快速集成相关工具。,3、善于团队协作,4、学习能力强，能够快速消化和理解新的编程语言和领域知识。",杭州东信北邮信息技术有限公司,1-1.5万/月,Python高级开发工程师
北京-朝阳区,https://jobs.51job.com/all/co4807726.html,,北京华信永杰软件开发有限责任公司,1.5-2万/月,Python工程师(职位编号：01)
北京-通州区,https://jobs.51job.com/all/co3905498.html,"1、通过算法对海量数据进行清洗、分析、挖掘；,2、通过爬虫对互联网上的数据进行采集、清洗、入库；,3、设计算法和模型对采集的数据进行清洗、入库、提取特征；,4、设计机器学习算法和模型预测特定的分类；,5、将分析结果实现数据可视化。,1、本科以上学历，1年以上软件开发经验；,2、精通Python语言，熟悉爬虫和Tensorflow优先；,3、熟悉数据库和SQL操作；,4、有自然语言处理和图形识别经验优先；,5、熟练掌握机器学习算法优先，尤其是神经网络，包括CNN和RNN。",北京维恩咨询有限公司,1-2.5万/月,Python开发工程师
北京-朝阳区,https://jobs.51job.com/all/co4684766.html,,北京智辉空间科技有限责任公司,2.5-3万/月,Python开发工程师
北京-朝阳区,https://jobs.51job.com/all/co4300023.html,"1、负责公司数据平台中与客户端相关接口的开发与维护；,2、负责服务端整体架构的设计、开发与维护；,3、参与数据产品的设计与方案讨论；,4、负责实现软件、应用程序代码，建立和完善开发文档。,岗位要求：,1、熟悉Python，熟悉Flask、Django等Web开发框架，3年以上相关WEB开发经验；,2、熟悉MySQL等关系型数据库，熟练掌握数据库性能优化；熟悉MongoDB、Redis等非关系型数据库，并有实际的项目开发经验,3、基础知识扎实，有一定的数据结构与算法基础；,4、熟悉Pandas, Numpy库；,5、有良好的技术视野，追求简洁优雅的技术解决方案，能够根据产品和用户的发展，扩展技术架构；,6、有良好的沟通能力，能和不同背景的成员沟通协作；,7、有数据平台开发经验者优先。",美利车金融,1.5-3万/月,Python高级开发工程师
北京-朝阳区,https://jobs.51job.com/all/co4528657.html,"职位描述：,1. 参与Python项目后端功能评估；,2. 准时完成既定的开发任务和文档编写；,3. 配合需求变更开发实现新功能；,4. 及时响应修复项目中的bug；,5. 维护服务器端代码及数据管理。,任职条件：,1. 正规院校全日制本科以上学历,计算机或数学相关专业毕业；,2. 3年以上互联网产品Python后台开发经验, 熟悉Django或Tornado框架；,3. 熟悉MySQL或Postgresql数据库, 有丰富的SQL优化经验；,4. 熟悉Redis,Mongodb, 有基于缓存, 任务队列等组件的开发经验；,5. 有大规模RESTful服务和RPC服务开发经验；,6. 扎实的计算机基础, 熟练掌握数据结构, 算法, 计算机网络, 操作系统等基础知识；,7. 熟悉Linux系统, 熟练使用Linux工具, Shell编程。",北京微迅联创科技有限公司,2.5-3.5万/月,Python开发工程师
北京-海淀区,https://jobs.51job.com/all/co4451327.html,,北京极客晨星科技发展有限公司,1.5-2.5万/月,Python开发工程师
北京-昌平区,https://jobs.51job.com/all/co2461295.html,,北京若森数字科技有限公司,1-1.5万/月,Python开发工程师（动漫）
北京-朝阳区,https://jobs.51job.com/all/co3870228.html,,深圳市云充吧科技有限公司,1-2万/月,Python开发工程师
北京-朝阳区,https://jobs.51job.com/all/co2665718.html,,奔讯电子科技（北京）有限公司,0.8-1万/月,C++/Python研发工程师
北京,https://jobs.51job.com/all/co110228.html,,北京天融信科技有限公司,1-1.5万/月,Python开发工程师
北京-海淀区,https://jobs.51job.com/all/co3496121.html,"岗位职责：,1、根据产品需求，完成产品功能的设计、编码、测试和发布；,2、根据产品和技术发展要求，完成系统开发所需平台的设计、开发和支持维护工作。,任职资格：,【基本条件】,1、本科及以上学历；,2、计算机、软件工程、通信工程、电子信息工程类相关专业；,3、在与业务相关的技术领域内工作时间至少3 年，通过独立工作而做出贡献。,【能力要求】,1、至少精通python/C/C++中一种语言编程，有2年以上编程经验；,2、精通linux操作系统；,3、熟悉数据库应用开发；,4、独立进行软件项目编码、单元测试或维护,主要负责实现模块的功能；,5、能够在高级软件工程师的指导下完成软件系统详细设计；,6、能独立解决模块开发或维护中一般问题,能按计划完成工作任务并保证质量；,7、能独立完成软件开发过程中相关文档编写。",北京中创信测科技股份有限公司,1.2-2万/月,业务平台开发（CC++/python）
北京-海淀区,https://jobs.51job.com/all/co4523551.html,,北京点石经纬科技有限公司,1.5-2.5万/月,Python开发工程师
北京-昌平区,https://jobs.51job.com/all/co3014850.html,,北京传智播客教育科技有限公司,1.6-3万/月,python导师J10091
北京-丰台区,https://jobs.51job.com/all/co2526056.html,"岗位职责：,  1、负责产品的系统设计和架构分析，参与核心模块的代码编写；,  2、负责效率工具的后台开发工作，具体包括各种需求分析、文档撰写、设计编码、测试运维、效果追踪等工作；,  3、负责高质量的设计和编码，承担重点、难点的技术攻坚； ,    ,  任职要求：,  1、1年以上Python开发经验，本科及以上学历； ,  2、精通Mysql/MongoDB/Redis等的性能调优； ,  3、有良好的学习能力，擅于钻研某方面技术；,  4、细致认真，善于沟通，能和团队融洽相处；,  5. 有AI相关经验者优先；,  6. 精通LNMP者优先。",苏州闻道网络科技股份有限公司,1.3-2万/月,Python开发工程师
北京-朝阳区,https://jobs.51job.com/all/co4764354.html,,达内时代科技集团有限公司,1.3-2.5万/月,Python讲师
北京-海淀区,https://jobs.51job.com/all/co4403260.html,"岗位职责：,1、网络环境内多类型网络运行状态及网络安全数据的分布式采集。,2、高效的数据处理算法，可快速将非关系型数据转化为关系型数据病进行存储。,3、公司SAAS数据可视化平台后端接口的开发。,3、对数据库进行高度优化。,任职要求：,1、精通Python语言，精通数据结构。,2、精通flask、Tornado等框架，注重代码质量和可维护性。,3、熟悉Nginx、apache。,4、精通数据库知识，熟悉redis，mongodb，mysql。,5、熟悉syslog、snmp。,6、具有扎实的服务器端开发功底，对数据结构和算法有深刻理解。",北京开维创科技有限公司,1-1.5万/月,Python开发工程师
北京,https://jobs.51job.com/all/co210554.html,,中国人民大学网络教育学院,0.6-1.6万/月,Python开发工程师
北京-海淀区,https://jobs.51job.com/all/co3222646.html,,中驰车福电子商务有限公司,0.8-1.2万/月,数据抓取及处理工程师（python方向）
北京-海淀区,https://jobs.51job.com/all/co4379360.html,"1. 负责平台管理软件的设计和开发工作,2. 深度理解公司业务，对公司平台系统进行设计、迭代优化和重构,3. 负责设计系统架构，编写核心代码,4. 负责项目文档编写、配合测试人员进行软件测试，保证软件产品质量,5. 完成高稳定性，高性能的web服务开发，定位并解决技术问题，提高团队整体解决问题的能力,6. 对平台进行持续的智能化改造，支持更大的系统容量，持续提升产品各项业务指标,任职要求:,1. 计算机科学与技术或相关专业本科及以上学历;,2. 扎实的编程基础，5年以上Web开发经验，掌握RESTful API的开发思想，具有良好的代码风格,3. 掌握分布式事务处理常见手段, 具有构建分布式任务系统经验（ActiveMQ/RabbitMQ, Redis/Couchbase, etc.），有异步消息驱动系统开发经验,4. 熟练使用至少一种常用数据库, 如MySQL/PostgreSQL/MongoDB, 了解常见的数据库优化技巧,5. 熟悉常用的web容器相关技术, 了解uwsgi、nginx、apache, 了解web服务器性能调优方法,6. 熟悉UNIX/Linux，有DevOps开发、部署、维护经验,7. 熟悉除Python以外的Web后端编程语言、有常用Python Web框架(Django/Flask/web.py)开发经验者优先,8. 了解大数据，有 MapReduce/Hadoop/Hbase/Zookeeper/Flume 等相关经验者优先,9. 对于新事物有好奇心, 态度认真负责，具备优秀的沟通协作和项目管理能力",北京嘉楠捷思信息技术有限公司,1.5-2万/月,Python高级开发工程师
空,空,空,绫致时装（天津）有限公司,空,空
北京,https://jobs.51job.com/all/co4009184.html,"工作职责：,1.负责基础云的架构设计与开发 ； ,2.负责相关AI业务的工程开发与实现； ,3.负责编码云业务的实现和开发。 ,任职资格：,1.计算机或相关专业本科及以上学历，有两年及两年以上的实际项目开发经验； ,2.精通Python 具备良好的代码风格（PEP-8），熟练使用GIT，能够撰写良好的技术文档； ,3.具备分布式系统的开发经验，熟悉MQ，Zookeeper，NoSQL，Django的开发使用； ,4.有较强的分析问题与独立解决问题的能力，良好的沟通能力及团队合作精神； ,5.对公有云／Docker的有开发经验者优先。",上海锐陟企业管理咨询有限公司,2.2-3.5万/月,资深Python开发专家
北京-海淀区,https://jobs.51job.com/all/co3783901.html,,国和瑞斯（北京）科技有限公司,1-1.5万/月,python工程师
北京-东城区,https://jobs.51job.com/all/co4582176.html,,北京信达泰和数据技术有限公司,1.5-2万/月,Python开发工程师
北京,https://jobs.51job.com/all/co3815622.html,,北京好巧国际旅行社有限公司,3-5万/月,Python高级研发工程师
北京,https://jobs.51job.com/all/co186431.html,,北京博辉在线科技发展有限公司,0.8-1万/月,Python测试工程师
北京-海淀区,https://jobs.51job.com/all/co3893593.html,"【项目介绍】,随着人工智能技术的发展，无论是开发者还是传统行业，如何接触和使用AI技术成为新的课题；搜狗AI云将基于搜狗多年在自然语言处理，语音，图像等技术的经验积累为公司内外提供了公共的接入平台；同时为搜狗语音，机器翻译等业内领先的技术寻找和各行各业的合作机会；将搜狗先进的技术和公司品牌进行推广和输出。在AI火爆的前景下，搜狗AI云项目期待和你一同创造未来。,【职位诱惑】,人工智能方向、最前沿的技术能力、巨大的成长空间。,【特别提示】,搜狗欢迎专情的你，最多投递两个职位，请谨慎投递。,【岗位职责】,1. 负责AI云语音图像等系统的集成开发；,2. 完成接口包装，SDK开发 3.负责研发过程中技术文档的编写工作。,【任职条件】,1、计算机或相关专业本科（或以上）学历， 1年以上互联网产品开发经验；,2、熟悉Python/Golang开发，有C/C++/Java开发经验优先，熟悉常用设计模式，熟悉互联网和Web应用的相关开发技术；,3、熟悉mysql, redis，nginx的开发；,4、强烈的责任心、良好的沟通能力、团队协作精神，具有解决挑战性问题的激情；,5、熟悉至少一门脚本语言，Bash优先。代码美观，逻辑清晰，懂ffmpeg、grpc、C#的加分,6、特别提示:搜狗欢迎专情的你，所以提醒你只能选择两个项目，请慎重投递。",北京搜狗科技发展有限公司,1.5-2.5万/月,搜狗AI云-Python开发工程师-北京-02581(职位编号：02581)
北京-海淀区,https://jobs.51job.com/all/co3293764.html,,数据堂（北京）科技股份有限公司,0.6-1万/月,Python开发工程师
北京-海淀区,https://jobs.51job.com/all/co3293764.html,,数据堂（北京）科技股份有限公司,0.6-1万/月,Python开发工程师
北京-顺义区,https://jobs.51job.com/all/co3361161.html,,天津狮桥国际物流有限公司,1-1.5万/月,python开发主管(北京)
北京-海淀区,https://jobs.51job.com/all/co3905968.html,,北京并行科技股份有限公司,1-1.5万/月,Python高级开发工程师-北京-00053
北京-海淀区,https://jobs.51job.com/all/co4830637.html,,环球合一网络技术（北京）股份有限公司,1-1.5万/月,python运维开发
北京,https://jobs.51job.com/all/co4029790.html,"岗位职责：,1、制定Python培训项目研发和培训规划，并负责协调部署各部门落实执行；,2、管理参与项目的日常教学工作和师资培训，并对项目业绩指标进行考核；,3、管控Python教学部门工作目标、管理措施和方案，统筹教学培训相关工作；,任职要求：,1、有相关的创业经验，知名本科毕业，有知名公司任职经历优先；,2、必须有3年以上的Python工作经验；,3、具备优秀的领导能力、团队管理能力，良好的沟通协调能力和和把握全局的能力；,公司官网：,http://www.lttest.cn,福利待遇：,项目分红面谈。",汉科软（北京）科技有限公司,1-1.5万/月,Python培训项目合伙人
北京-朝阳区,https://jobs.51job.com/all/co2827826.html,,长安通信科技有限责任公司,1-1.5万/月,python 研发工程师
北京,https://jobs.51job.com/all/co2187800.html,,北京斯普信信息技术有限公司,1-1.5万/月,Python开发工程师
北京-海淀区,https://jobs.51job.com/all/co3591316.html,"岗位职责：,1、负责公司主站，App，API等产品的后端开发工作；,2、与产品 & FE & APP 工程师一起探讨 & 实现各类产品的新功能及改进；,3、与其他聪明的工程师一起实现稳定、可扩展的后台服务；,4、数据驱动，不断通过产品和技术数据进行改进，并完成快速迭代。,任职要求：,1、计算机相关基础知识扎实，了解常用数据结构和算法；,2、掌握至少一门编程语言，如 Python、Java等；,3、熟悉常用的 Web 开发相关技术， Web 框架、HTTP/HTTPS 协议、Web 安全等；,4、掌握关系数据库及 SQL 相关知识，熟悉至少一种NoSql，熟悉基本的设计和优化原则。,加分项：,1、熟悉 Python 语言，了解 Gevent、Tornado 等异步开发框架或模型,2、有微服务开发经验，熟悉Spring Boot等微服务框架,3、在开源社区有作品，或向社区提交过 bug 或 patch",北京思睿网信科技有限公司,1.5-2万/月,python架构师
北京-海淀区,https://jobs.51job.com/all/co3591316.html,"岗位职责：,1、负责公司主站，App，API等产品的后端开发工作；,2、与产品 & FE & APP 工程师一起探讨 & 实现各类产品的新功能及改进；,3、与其他聪明的工程师一起实现稳定、可扩展的后台服务；,4、数据驱动，不断通过产品和技术数据进行改进，并完成快速迭代。,任职要求：,1、计算机相关基础知识扎实，了解常用数据结构和算法；,2、掌握至少一门编程语言，如 Python、Java等；,3、熟悉常用的 Web 开发相关技术， Web 框架、HTTP/HTTPS 协议、Web 安全等；,4、掌握关系数据库及 SQL 相关知识，熟悉至少一种NoSql，熟悉基本的设计和优化原则。,加分项：,1、熟悉 Python 语言，了解 Gevent、Tornado 等异步开发框架或模型,2、有微服务开发经验，熟悉Spring Boot等微服务框架,3、在开源社区有作品，或向社区提交过 bug 或 patch",北京思睿网信科技有限公司,1.5-2万/月,python架构师
北京-东城区,https://jobs.51job.com/all/co2909735.html,base 北京,金恪投资控股股份有限公司,2-3万/月,Python高级开发工程师
北京-东城区,https://jobs.51job.com/all/co2909735.html,base 北京,金恪投资控股股份有限公司,2-3万/月,Python高级开发工程师
北京-朝阳区,https://jobs.51job.com/all/co3410288.html,"1、负责在线娃娃机的管理后台系统的研发,2、负责统计后台搭建 3、负责监控后台搭建,1、本科以上学历，5年以上同岗位工作经验。,2、有成熟的管理后台项目的开发经验,3、有bi项目开发经验者优先 4、同时具备Python与Java开发经验者优先",Forgame——云游控股集团,2-3万/月,python后台研发工程师(职位编号：forgame000544)
北京-东城区,https://jobs.51job.com/all/co3921006.html,,北京神黄科技股份有限公司,1-2万/月,Python开发工程师
北京-朝阳区,https://jobs.51job.com/all/co4049688.html,,360金融,2-3万/月,Python开发工程师
北京-海淀区,https://jobs.51job.com/all/co3339961.html,"1、  负责公司产品的售前、售中、售后技术支持和客户服务工作；,2、  配合销售做好售前技术咨询，了解客户应用需求，提供解决方案；,3、  根据客户需求，能够对相关计算软件（Python编程）进行2次开发，调整软件相关参数；,4、  整理产品技术资料，提供销售部门需求的技术文件；,5、  负责公司产品的对内对外的应用培训。,任职要求：,1、硕士学历或具有2年相关工作经验的学士；,2、生态学、环境科学、气象学、农学、化学分析或质检相关专业；,3、具备优秀的语言表达能力和良好的社会关系及敏捷的思维和应急处理能力；,4、具有较强的英语能力，能够和国外人员进行技术问题沟通；,5、良好的沟通及团队协作能力；能承受高强度的工作压力；独立处理、解决问题的能力，适应出差要求；,6、有温室气体研究经历或稳定性同位素研究经历的优先考虑；,7、有环保或质检经验或相关设备销售经验的优先考虑；,8、有航空、国防或应急响应领域相关设备推广和销售经验的优先考虑。,9、熟悉Python语言，熟练掌握利用Python开发科学计算的应用程序；,10、有实际的利用Python开发经历的经验者优先 。,薪资：10W+ ， 15W+ ， 20W+ 依能力无上限,我们一直在为您和我们创造机会，也一直为我们寻找最出色的人才。无论你想成为工程师， 销售主管，还是其他角色的工作人员，只要您拥有非凡智慧与创造力、勇于面对任何挑战，对所从事的工作倍感兴奋，那么，请您加入到北京普瑞亿科科技有限公司；只要您天赋异禀、锐意进取、坚持不懈、勇往直前，北京普瑞亿科科技有限公司乐意为您提供最广阔的施展平台，甚至超乎你的想象；只要您兢兢业业、脚踏实地、无私奉献、恪尽职守，您会获得对等的福利待遇、晋升机会和出国旅游和学习机会。与此同时，公司职员国家法定节假日、国家规定保险（五险）、节日福利、年假、年度体检、旅游和聚会等一系列福利。,有意者请将中英文简历发送至：info@pri-eco.com，我们将电话通知初选合格者进行面试。未接电话通知者，您的资料将会进入我公司的人才库，有新的职位时会优先予以考虑。",北京普瑞亿科科技有限公司,0.5-1万/月,Python运维工程师
北京-海淀区,https://jobs.51job.com/all/co1994981.html,,国广东方网络（北京）有限公司,1-1.5万/月,python开发工程师
北京-东城区,https://jobs.51job.com/all/co2284274.html,"1、创新项目及公司内部管理系统后台相关服务端的研发和维护；,2、网页信息抓取结果的抽取、数据清洗、分类、聚类等研发工作求；,3、根据技术部门要求完成技术研究工作，并输出研究成果和落地工作；,4、根据产品需要完成项目功能开发。,1、3年python开发经验，熟悉Python主流类库使用，构建过nginx+uWSGI+python的web-services者优先；,2、 熟悉Mysql，Docker，熟练使用Redis，Memcache，MQ等常用第三方组件； ,3、熟练掌握HTTP，TCP/IP，网络编程，爬虫技术； ,4、熟悉分布式系统，对网络和并发编程有丰富的经验，熟悉Linux/Unix平台，能熟练使用脚本语言进行系统日志分析者优先； ,5、喜欢尝试新技术，对于使用过的开源软件能了解到它的原理和机制； ,6、乐观，积极，富有团队精神。",游族网络,1.2-1.8万/月,Python开发工程师-base北京(职位编号：youzu002470)
北京-西城区,https://jobs.51job.com/all/co4505558.html,,明睿（北京）资本管理有限公司,2-3万/月,量化开发工程师（Java/C++/Python方向）
北京-朝阳区,https://jobs.51job.com/all/co2215669.html,", ,	,负责解析,文本，结构化数据, ,	,负责数据清洗工作, ,	,参与爬虫脚本的开发工作, ,	, ,	岗位要求：, ,	,计算机相关专业，本科以上学历, ,	,有一年以上相关工作经验, ,	,熟悉正则表达式、,的基本标签, ,	,熟悉,，熟悉,常用命令，以及虚拟机, ,	,熟悉,优先， 熟悉机器学习算法优先，熟悉,云服务优先,",完美世界（北京）总部/完美时空,1.5-2万/月,python工程师
上海-浦东新区,https://jobs.51job.com/all/co134270.html,,展讯通信（上海）有限公司,2.5-3.5万/月,深度学习框架开发工程师J10904
北京,https://jobs.51job.com/all/co3643680.html,,北京展讯高科通信技术有限公司,2.5-3.5万/月,深度学习框架开发工程师J10904
北京,https://jobs.51job.com/all/co2698897.html,"岗位职责：,1. 通过追踪研发及转化前沿计算机科学技术，实现智慧教育、智能医疗相关产品的开发；,2. 基于图像分析（计算机视觉）、机器学习、深度学习、自然语言处理和大规模分布式计算等方面的算法和实现方法，利用C++/Python/Matlab或相关编程语言进行产品开发。,任职要求：,1. 具有丰富的软件开发工作经验，优秀的应届毕业生亦可；,2. 精通C++/Python/Matlab 或相关开发语言, 能够高效、高质量实现复杂的算法；,3. 熟悉机器学习方面算法知识，以及具有生物医药、教育背景的优先；,4. 面对技术方面的挑战能够提出创新的解决方案，并乐于在充满活力的创新团队工作；",北京汉唐自远技术股份有限公司,1.5-2万/月,AI开发工程师
北京-海淀区,https://jobs.51job.com/all/co4786326.html,"1.    跟进公司产品开发的业务需求，指导并检查单元测试代码的编写；,2.    开发和维护API测试、集成测试、UI测试等自动化测试工具；,3.    设计、构建和优化持续交付流程，开发和维护相关的持续交付工具；,4.    构建和优化公司的开发测试流程，促进软件质量和生产力的提升。,任职资格：,1、电气工程、数学、计算机、物理、热能、自动化等相关专业；,2、熟悉各类数据挖掘算法，如聚类、回归等,3、熟悉机器学习/深度学习框架者优先，例如sklearn、tensorflow等,4、至少熟悉一门编程语言，如C++/Java/Python等,5、有电力/能源规划决策领域相关项目经验优先；,6、善于学习总结，有较强的求知欲，对探索未知领域和解决问题充满热情；,7、工作严谨踏实，责任心强，条理清楚；有良好的团队合作精神和沟通能力；",北京清能互联科技有限公司,1-2万/月,算法工程师（数据挖掘）
北京,https://jobs.51job.com/all/co3572361.html,"（一）岗位职责,1、根据产品需求进行自动化/性能测试工作，包括参与需求分析，设计和执行测试用例，进行缺陷跟踪和软件质量分析等；,2、负责开发测试工具和自动测试框架、自动测试脚本，进行自动化测试，高效的完成测试工作；,3、负责编写公司内部的自动化测试的流程规范和技术标准；,4、对测试结果进行总结与统计分析，输出自动化测试报告，编写完整的测试报告等相关的技术文档,5、对测试中发现的问题进行详细分析和准确定位，与开发人员讨论缺陷解决方案，对测试进行跟踪, ,（二）岗位要求,-计算机相关专业，有三年以上自动化测试相关工作经验,-有较好的开发、测试技术功底，熟悉JAVA、PYTHON等常用软件或者工具开发语言，熟悉测试流程；,-熟悉各类测试工具(如：UFT、selenium、Loadrunner、jmeter)，能够独立完成测试任务,-熟悉自动化测试框架，具有开发自动化测试框架者优先,-学习能力强，有较强分析和解决问题的能力，具有较强逻辑思维能力和表达能力,                                                            ,-工作积极主动，有强烈责任心和严谨工作作风，积极思考，不断创新,良好的协作沟通能力和团队合作精神",中建材信息技术股份有限公司,0.8-1.5万/月,自动化测试工程师-北京
北京-海淀区,https://jobs.51job.com/all/co2821227.html,"1. 参与滴滴业务系统的设计、研发工作，提升产品稳定性；,2. 有良好的拆解需求、分析问题能力；                    ,3. 进行相关产品的技术文档编写，方案设计；,4. 学习研究业界先进技术，保持技术进步。,1. 本科及以上学历，计算机相关专业，两年以上服务端研发经验；,2. 深入理解计算机原理，有扎实的数据结构和算法基础；,3. 深入理解linux系统及其原理，熟悉TCP/IP、HTTP协议以及网络编程；,4. 良好的编码和文档习惯，注重代码风格，熟悉各种设计模式和原则，能持续的关注和优化自己做的项目；,5. 精通PHP/Python等至少一门语言，有Go开发经验者优先；,6. 熟悉常用的互联网技术，包括但不限于MySQL、NoSQL、RPC、MQ、缓存技术、微服务架构等；,                                        ,7. 具有分布式系统设计和开发经验者优先。",滴滴出行,2-4万/月,PHP高级开发工程师
北京-朝阳区,https://jobs.51job.com/all/co279126.html,"**你将负责这些事儿**,1 维护和管理大数据平台和服务器集群；,2 理解业务，描述需求，与外部合作伙伴对接，跟进合作伙伴开发进展；,3 维护和管理与外部合作伙伴的数据接口，及时发现问题，做出响应，提出改进意见；,4 维护已有数据工具，根据业务需要参与编制新工具或修改完善已有工具；,5 根据业务需要，对数据进行挖掘和分析、标签化处理等；,**希望你**,1 是一个技术控，是一个数据流，更是一个热衷于解决问题的人；,2 对互联网技术、软件感兴趣，对技术喜欢刨根问底，知道并不断学习正确的做事方法，知道去哪里获取靠谱的信息，并且愿意想方设法解决问题；,3 坚韧，有目标感，能承受短期压力；,4 逻辑性强，能用清晰的语言表达复杂的逻辑；,5 热爱学习；,**技术上要求你**,1 理工科，本科以上学历，具有数学或统计学背景优先（建模、统计、分析、数学）；,2 有编程经验，有软件项目经验者加分；,3 熟悉Python语言，能够熟练的应用Python进行数据处理和可视化分析；,4 熟悉Linux，理解Unix类操作系统原理；,5 熟悉Oracle或MySQL，或者任何一种关系型数据库，熟悉基础的CRUD操作；,6 了解任何一种NoSQL数据产品，有相关应用经验者加分；,7 了解Elasticsearch者加分；,**团队要求你**,1 工作主动性强，自我驱动，目标导向，结果导向；,2 具有独立分析和解决问题的能力；,3 能够与人融洽相处，善于沟通和团队合作；,4 能够适应多种工作角色的迅速转换，抗压能力强。",中国广视索福瑞媒介研究有限责任公司,0.8-1万/月,数据工程师
北京-海淀区,https://jobs.51job.com/all/co4757187.html,,北京易霖博信息技术有限公司,1.5-2万/月,PHP高级开发工程师
北京,https://jobs.51job.com/all/co191994.html,"职位描述：,1、组织建设研发团队；,2、开发与数据分析相关的系统和工具；,3、开发与实际业务相关的数据挖掘算法及业务分析算法；,4、开发相关的配套ETL工具。,任职要求：,1、熟悉Java程序设计，三年以上后台开发经验；,2、熟悉数据分析和数据挖掘的方法；,3、有Python或R、或者SparKML开发经验者优先；,4、有创新精神，具有一定的算法设计和开发能力；,5、有丰富的分布式编程经验；,6、熟悉数据库开发和操作，了解数据分析和数据挖掘的方法；,7、有基于Spark开发数据挖掘实践经验者优先。",迪思杰（北京）数据管理技术有限公司,1.5-2万/月,大数据分析部门经理
北京-海淀区,https://jobs.51job.com/all/co3533813.html,"岗位职责:,（1）负责视觉检测领域中机器学习算法与软件设计开发；,（2）负责基于机器学习的工业视觉检测技术方案、学习算法、数据处理、训练和推理过程的系统架构设计。,岗位要求:,（1）本科及以上学历，计算机、图像处理、数学、机械、自动化相关专业背景；,（2）熟悉掌握CNN、RNN、SVM、LSTM、GRU等机器学习模型，以及深度学习的原理与主流架构；,（3）熟悉机器学习、图像处理的经典算法，熟悉OpenCV或HALCON；,（4）具有良好工程实现和调优能力，熟练掌握Python，JAVA等编程语言，熟悉TensorFlow，Pytorch等深度学习框架；,（5）有相关机器学习和机器视觉设计开发经验者优先考虑。,薪酬福利:,（1）提供具有市场竞争力的薪酬；,（2）具体***。",北京通达信科科技有限公司,1-1.5万/月,机器学习研发工程师
北京-海淀区,https://jobs.51job.com/all/co3533813.html,"岗位职责:,（1）负责视觉检测领域中机器学习算法与软件设计开发；,（2）负责基于机器学习的工业视觉检测技术方案、学习算法、数据处理、训练和推理过程的系统架构设计。,岗位要求:,（1）本科及以上学历，计算机、图像处理、数学、机械、自动化相关专业背景；,（2）熟悉掌握CNN、RNN、SVM、LSTM、GRU等机器学习模型，以及深度学习的原理与主流架构；,（3）熟悉机器学习、图像处理的经典算法，熟悉OpenCV或HALCON；,（4）具有良好工程实现和调优能力，熟练掌握Python，JAVA等编程语言，熟悉TensorFlow，Pytorch等深度学习框架；,（5）有相关机器学习和机器视觉设计开发经验者优先考虑。,薪酬福利:,（1）提供具有市场竞争力的薪酬；,（2）具体***。",北京通达信科科技有限公司,1-1.5万/月,机器学习研发工程师
北京,https://jobs.51job.com/all/co552359.html,,绿盟科技,2-2.5万/月,.NET中高级开发工程师J10757
北京,https://jobs.51job.com/all/co3589953.html,,百世诺（北京）医疗科技有限公司,0.8-1万/月,生物信息工程师
北京-海淀区,https://jobs.51job.com/all/co3550233.html,,北京品科技术有限公司,1.2-2.5万/月,网络协议研发工程师
北京-海淀区,https://jobs.51job.com/all/co3550233.html,,北京品科技术有限公司,1.2-2.5万/月,网络协议研发工程师
北京,https://jobs.51job.com/all/co3014243.html,,上海云克网络科技有限公司北京市朝阳分公司,2-2.5万/月,GO开发工程师
北京,https://jobs.51job.com/all/co3014243.html,,上海云克网络科技有限公司北京市朝阳分公司,2-2.5万/月,GO开发工程师
北京-昌平区,https://jobs.51job.com/all/co150020.html,"任职要求：,1、本科及以上学历；计算机相关专业；,2、精通数据库原理、各类数据模型设计方法；,3、掌握至少一种数据库开发技术：Oracle、Teradata、DB2、Mysql等，灵活运用SQL实现海量数据ETL加工处理；,4、熟练掌握一门或多门编程语言，重点考察Java、Python；,5、理解能力强、逻辑思维能力强、团队协作能力强；,6、熟悉数据仓库模型设计与ETL开发优先；,7、有大型项目建设经验者优先；,985、211学校优先，条件优秀者可有机会落户北京，欢迎2018届的 电子/计算机/软件相关专业 应届硕士投递简历!,公司福利：,国企上市公司，择优解决户口,七险一金、通讯补贴、免费宿舍,防暑降温补贴、免费体检,培训、拓展、工会旅游活动等?",中国软件与技术服务股份有限公司,0.8-1万/月,大数据开发工程师（2018届校招）
北京-海淀区,https://jobs.51job.com/all/co2723086.html,"岗位职责：,1、负责公司gis产品及项目软件部署、安装调试、功能性能测试工作； ,2、负责公司gis软件产品技术支持服务、咨询解答等； , 任职要求： ,1. 本科以上学历，GIS、计算机相关专业； ,2. 熟悉常用软件测试工具,熟悉测试分析技术,有较强的逻辑分析能力和总结能力； ,3. 规范编写项目测试计划、测试用例、测试报告,熟悉常用缺陷管理工具； ,4、掌握至少一种数据库：Oracle/MySQL/PostgreSQL等数据库应用，精通SQL句； ,5、两年以上Linux系统深度使用或维护经验，会自己搭建测试环境和准备测试数据 ,6、了解LoadRunner、Jmeter等性能测试工具，熟悉性能的监控方法与原理，能对系统性能瓶颈进行简单定位、监控及优化分析,7、可接收短期出差。 ,优先录用条件：            ,1. GIS专业 ,2. 掌握Java或python或Shell等语言，有开发基础 ,3. 曾经参加过大型项目部署、实施、测试、性能优化",北京博阳世通信息技术有限公司,0.8-2万/月,测试工程师
北京-西城区,https://jobs.51job.com/all/co3851403.html,"1、负责web前端系统和功能的开发、调试和维护;,2、前端技术框架和js等互动效果开发;,3、关注技术动向，研究前端开发的新技术并攻关技术难题；,任职要求：,1、三年以上Web前端开发经验，有扎实的技术功底;,2、熟悉页面架构和布局，对表现与数据分离、Web语义化等有深刻理解，对HTML5/CSS3等有较好的了解；,3、掌握JavaScript、Ajax、CSS、HTML等web开发领域相关技术;,4、掌握ECMAScript5核心语法，熟悉ES6语法，熟悉至少一种JS框架(react、vuejs、Angular 、Backbone等)技术；,5、理解前端构建的意义，了解前端构建过程，熟练使用 webpack、gulp、grunt等前端构建工具；,6、严格遵守团队的代码格式、结构的规定，编写易读、易维护、高质量、高效率的代码;,7、有后端技术（如NodeJS/JAVA/PHP/Python）经验者优先；",中科数创（北京）数字传媒有限公司,2-2.5万/月,Web前端开发工程师
北京,https://jobs.51job.com/all/co2594116.html,,北京磨铁图书有限公司,1.5-2.5千/月,企发部实习生
空,空,空,罗克韦尔自动化(中国)有限公司,空,空
北京-西城区,https://jobs.51job.com/all/co2848220.html,"职责描述：,1. 运用文本挖掘、NLP的理论和方法，对互联网内容进行挖掘，解决业务实际问题；,2. 根据业务需要，对文本挖掘、NLP的开源算法进行改进，并进行集成开发；,3. 参与大规模数据智能挖掘分析系统的架构设计和功能研发。,任职要求：,1. 研究生及以上学历；,2. 3年及以上相关工作经验，熟悉常用文本挖掘、NLP模型算法及开源工具；,3. 精通JAVA/Python编程语言和设计模式，熟练使用常用算法和数据结构，具备优良的编码能力，具有实际的工程经验；,4. 具有统计或数据挖掘背景，并对NLP/文本挖掘算法和理论有较深入的研究者优先；,5. 具有大规模数据挖掘分析系统架构经验者优先；,6. 具有机器学习、深度学习算法实现经验者优先；,7. 具有良好的学习能力，沟通能力和团队精神。",新华网股份有限公司,1.5-2万/月,数据挖掘工程师（算法方向）
北京,https://jobs.51job.com/all/co4333431.html,,文思海辉金融,1-1.5万/月,Ai 工程师(职位编号：766323875014014)
北京-昌平区,https://jobs.51job.com/all/co2985864.html,"岗位职责：,1、负责建立生物信息数据分析流程并负责生物信息数据采集和应用；,2、评估、安装已有的软件以及信息流程并开发新的分析软件；,3、能够将分析结果做成清晰完整的报告；,4、阅读新发表的文章并且不断了解相关课题最新进展；,5、和团队里其他计算人员或实验人员沟通，和客户沟通需求。,任职资格：,1、生物信息学, 计算机软件，应用数学或相关专业研究生以上学历；本科学历具有3年相关工作经验也可；,2、至少 1 年以上高通量测序数据分析经验 （有 illumina 高通量测序数据分析经验者优先）；,3、熟练至少一种编程语言（会python，c/c++，go优先），并有能力快速学习其他编程语言（比如Rs）。熟悉Linux编程环境和shellscripting；,4、熟悉广泛使用的生物信息工具，比如应用在alignment, assembly, RNA-seq 的软件，和分析流程。,5、能够阅读英文文献。",杭州诺辉健康科技有限公司,1-2万/月,生物信息工程师
北京-丰台区,https://jobs.51job.com/all/co2034335.html,,房天下（北京）,0.8-1万/月,数据分析师/高级分析师（城市规划方向）
北京,https://jobs.51job.com/all/co3787397.html,"【岗位职责】,1、主要负责Web项目中的运维部署；,2、对系统运行提出合理的调优方案；,3、能采用合理的工具监控系统运行；,4、学习和研究新技术以满足产品的需求，特别在云计算和微服务方面有强烈的求知欲；,【任职要求】,1、统招本科（含）以上学历，计算、软件等相关专业，具有3年以上IT/云计算运维经验；,2、熟悉常用的开源软件（如：nginx，tomcat，memcache，redis，mongodb，zabbix等）；,3、熟练使用shell，熟悉Python、ruby、php等脚本语言中的一种，针对nginx，apache,tomcat,jboss等应用层程序进行监控；,4、熟悉Docker容器技术，有面向Docker开发运维的实际项目经验优先；,5、熟悉Linux操作系统，能独立运用各种系统工具收集、整理、分析系统性能，对优先关注的CPU、MEM、I/O等参数有充分认识；,6、具备团队协作精神，对待工作有强烈的责任心和积极性",北京盛德信联科技有限公司,1-2万/月,云计算运维工程师
北京-朝阳区,https://jobs.51job.com/all/co4948082.html,"岗位职责：,1. 负责区块链产品社区网站的建设。,2. 从事区块链技术相关产品的设计和研发工作。,3. 参与研究并攻坚公司区块链产品的关键技术实现。,任职要求：,1. 计算机相关专业，本科及以上学历，扎实的数据结构和算法基础，3年以上相关工作经验。,2. 具有互联网网站或移动互联网项目开发经验和服务器、数据库的部署/架构能力。,3. 熟悉关系型数据库操作，如MySQL、MSSQL、Oracle；至少熟悉一种NoSQL数据库：如MongoDB、CouchDB等。,4. 精通使用一门后台语言，比如Nodejs，Go，Java，Python等。,5. 熟练掌握HTML、CSS和JavaScript等前端技术，熟悉主流框架（React、Vue、Angularjs）至少一种。,加分项：,1. 具有React Naive或其他移动APP开发经验。,2. 熟悉区块链技术原理，具有以太坊、比特币或者Fabric开发经验。,3. 具有大数据、分布式计算、网络安全相关知识和技术。,4. 具有微服务经验。,5. 良好的编程风格、参与过开源项目。,6. 熟悉原型设计和界面设计软件。",同心互联（北京）科技有限公司,1.5-2.5万/月,全栈全端工程师
北京-海淀区,https://jobs.51job.com/all/co3781874.html,"岗位职责：,1、负责服务器的安装部署、上线发布、日常监控、故障处理、数据备份、日志分析、性能优化等工作；,2、负责相关数据的收集、分析和总结；,3、负责技术运维相关的文档、手册、流程编写整理；,岗位要求：,1、2-3年以上Linux运维经验，有丰富的Linux系统参数设置、性能调优、系统安全、故障定位处理经验；,2、熟悉常用服务的安装及配置，例如:Apache, nginx,MySQL,Redis等，有云平台系统运维经验（阿里云）优先；,3、具有大型网站的运维/架构经验、了解自动化运维和监控工具，在网络安全方面有一定经验；,4、熟悉shell编程或脚本语言(例如Python,Perl等)，能编写自动化运维脚本者优先；,5、熟悉html,js,css及java语言者优先;,6、有从事搜索、网络内容抓取相关工作经验者优先;,7、有从事音频视频服务相关工作经验，了解阿里云、七牛云等流媒体云平台者优先;,8、工作态度踏实、认真，积极主动，抗压性强，具有较强的责任心以及团队合作精神。",上海彤道网络科技有限公司,0.7-1.2万/月,网络服务器运维工程师
香港,https://jobs.51job.com/all/co773256.html,,华高科技（苏州）有限公司,2.5-3万/月,Software Specialist/ Object Detection
北京-海淀区,https://jobs.51job.com/all/co3959117.html,,北京迪文科技有限公司,1.5-2万/月,物联网云平台负责人
北京-朝阳区,https://jobs.51job.com/all/co2169108.html,,中国中期投资股份有限公司,1.5-2万/月,量化研究员
北京-朝阳区,https://jobs.51job.com/all/co2169108.html,,中国中期投资股份有限公司,1.5-2万/月,量化研究员
空,空,空,西门子（中国）有限公司Siemens Ltd. China,空,空
北京-海淀区,https://jobs.51job.com/all/co2675238.html,"1. 依据需求文档及策略设计文档,编写测试用例;,2. 完成产品的集成测试与系统测试;,3. 根据测试计划,搭建测试环境;,4. 依据测试用例执行手工测试,反馈跟踪产品BUG及用例缺陷;,5. 测试工具/系统的研究和应用。,任职要求：,1. 本科及以上,计算机相关专业;具备2年以上测试工作经验;,2. 熟悉Linux命令，可以搭建测试环境,工作比较细心;,3. 掌握基本的软件测试理论,熟悉软件测试的基本方法、流程和规范;,4. 熟练运用各种黑盒测试用例设计方法;,5. 具有语音识别等测试经验优先,能够独立编写简单代码（C/JAVA/PYTHON)优先考虑;,6. 有Android APP测试经验者优先考虑;熟悉自动化测试者优先考虑。",普强信息技术（北京）有限公司,0.6-1.2万/月,功能测试工程师（ASR）
北京-海淀区,https://jobs.51job.com/all/co3543534.html,,进化时代科技（北京）有限责任公司,1.5-2万/月,后端PHP高级工程师
北京-朝阳区,https://jobs.51job.com/all/co4289336.html,,北京蛙鸣华清环保科技有限公司,6-8千/月,数据校准分析工程师
北京-朝阳区,https://jobs.51job.com/all/co4239522.html,"1．基于大型分布式平台的数据仓库模型设计及实现；,2．ETL开发、优化、技术攻关；,3．负责数据项目的开发、推进和优化；,4．数据产品、工具的设计和技术实现；,5．协助建立数据模型，对数据进行挖掘、优化及统计。,【任职要求】,1．2-5年数据仓库实施经验，ETL实施经验，认可数据产生价值；,2．熟练掌握一门语言Java或者Scala，能够编写Mapreduce、Spark等应用程序，以及相关的性能优化方式；,3．理解数据库原理，熟练使用至少一种关系数据库管理系统，如Mysql、Oracle；理解Nosql；,4．精通一种或多种分布式平台，理解计算框架，如Hadoop，Mapreduce、Spark streaming、HBase，Zookeeper、Hive、Sqoop、elk、Kafka；熟练掌握相关组件的使用、原理实现、常用的性能优化方案；,5．熟悉常用的数据结构和算法，有在业务或分布式系统中解决负载均衡，数据一致性保证的经验尤佳；,6．熟悉Linux系统，熟练掌握 Shell、Python、Perl 或其它任何一门脚本语言；,7. 有快速和持续学习的能力，动手能力强，有进取心、责任心强。",北京小鱼易连科技有限公司,1.5-2万/月,大数据开发工程师
北京-丰台区,https://jobs.51job.com/all/co4781669.html,"岗位职责：,1. 研发自动化运维平台，提高运维、开发协作效率，规范操作流程；,2. 研发基础服务组件，解决运维实际需求，减少重复开发与运维；,3. 评估系统性能和运行状态，建立量化指标，用数据指导优化；,4. 参与系统、应用线上运维工作，并提出提高整体运维水平的建议。,   ,任职要求：,1. 五年以上运维相关工作经验，两年以上运维开发经验，有中大型互联网公司运维自动化经验者优先；,2. 熟悉常见运维配置及优化，如Svn/git/Ansible/Nginx/Tomcat/salt等；,3. 熟悉常用的zabbix,  grafana, Prometheus等监控开源框架；,4. 深入理解Linux操作系统、体系结构。了解网络理论知识，包括各类协议（TCP/IP、UDP、ICMP 等）、MAC 地址、IP 包、DNS、OSI 分层、负载均衡等；,5. 熟练掌握python/java/go脚本等语言；,6. 良好的沟通协调能力、较强的团队合作精神、优秀的执行能力，强烈的责任心和敬业精神，结果导向型思维，很强的分析问题和解决问题的能力。",北京虹信万达科技有限公司,1.2-1.8万/月,自动化运维开发工程师
北京-朝阳区,https://jobs.51job.com/all/co4163486.html,"工作职责：,1.负责核心业务系统架构改进和重要模块实现；,2.参与新业务的开发编码和单元测试，保证按时按质按量完成；,3.对线上突发问题做及时响应。,岗位要求：,1.三年以上 Java 开发经验，有云服务器部署经验；,2.熟悉JVM运行机制及优化，熟悉多线程编程；,3.熟练使用Spring， MyBatis等流行开源框架；,4.熟练关系型数据库如MySql使用，了解NoSQL（例如MongoDB，等）的使用场景以及限制；,5.有Java web经验，熟悉Http请求协议，熟悉Restful设计风格；,6.熟悉Linux系统。,加分项：,1.熟悉分布式缓存(Redis、Memcached)，NoSql(Mongo、HBase)，RPC(Dubbo，Thrift)，MQ(Kafaka，RabbitMQ)，搜索引擎(Elastic Search)等技术；,2.有NodeJS, Python等其他脚本语言经验；,3.大流量高并发Web开发经验者优先。",北京致云致远科技有限公司,2.5-3.5万/月,服务端开发工程师
北京-海淀区,https://jobs.51job.com/all/co4767819.html,"1、搭建NLP系统、平台，新技术研究。,2、分析车辆历史产生的文本数据，包括但不限于品牌口碑、维修保养记录、出险记录等。,3、配合技术团队，自然语言处理相关产品落地。, 岗位要求：,1、数学/计算机相关专业，硕士及以上学历，3年以上NLP工作经验；,2、精通NLP相关技术及算法，动手能力强，业务方向，做过推荐系统、舆情分析、智能客服、问答系统等优先；,3、精通机器学习相关技术及算法；,4、精通深度学习框架tensorflow等；,5、精通Python；,6、熟悉数据数据库操作。",上海摹汐智能科技有限公司,4-5万/月,自然语言处理（NLP）高级专家
北京-海淀区,https://jobs.51job.com/all/co4718592.html,,美亚宏信（北京）信息技术有限公司,1.5-3.5万/月,测试经理（大数据方向）
北京-海淀区,https://jobs.51job.com/all/co4669119.html,"岗位职责：,1.负责基于区块链(Blockchain)的互联网金融产品设计和研发； ,2.研究区块链的协议，运行机制和底层实现等； ,3.开发、实现和改进加密协议，设计安全协议和架构； ,4.开发基于区块链的服务产品，包括后端协议、基础架构、系统服务及其相关客户端。 , ,任职要求：,1.211或985学校统招本科及以上毕业，至少3年互联网或金融技术开发经验；,2.精通 Java，熟悉Go、C++、Python、Node.js等语言中至少1种；,3.精通 Socket 网络编程，精通各种数据结构和算法，对密码学，安全协议和加密算法有研究；,4.熟悉分布式、多线程及高性能的设计与编码及性能调优, 有2年以上分布式系统架构和P2P网络系统开发经验的优先;,5.熟悉Ethereum、OpenChain、Bitcoin、Hyperledger等相关开源项目和区块链技术，熟悉主流共识机制实现原理，有研究、贡献和实际实施经验的优先； ,6.有Mysql、Redis和MongoDB中至少一种数据库开发经验.",北京创新指数科技有限公司,1.5-3万/月,区块链高级开发工程师
北京-东城区,https://jobs.51job.com/all/co282750.html,,上海网越信息技术有限公司,0.8-1万/月,Linux运维工程师-北京
北京,https://jobs.51job.com/all/co420422.html,,北京亿美软通科技有限公司,1-1.5万/月,数据科学家-风控方向
北京-海淀区,https://jobs.51job.com/all/co4847159.html,"职位描述：,1. 从事生物医学信号处理及软件算法研究；,2. 负责算法的移植和优化；,3. 针对实际问题进行新算法的建模、仿真与评测；,4. 跟踪生物医学信号处理算法的；,5. 跟踪行业发展前沿，参与专利申请；,职位要求：,1.数学、物理、生物医学工程、通信与电子、自动化、仪器与信号测量或相关专业硕士或博士学历；,2.扎实的数学功底，三年以上信号处理算法编写经验，有独立的算法研发能力；,3.熟悉各种医学生理信号的现代数字信号处理算法，精通数字信号处理理论和方法；,4.精通MATLAB，C/C++，熟悉Python；掌握至少一种分析工具软件，如Mat Lab, Mathematica等；,5.熟悉基于MCU或定点DSP的算法移植；,6. 掌握机械、生物、电化学传感器测试方法，熟练运用相关测试工具对数据进行统计和分析；,7.工作认真细致、积极主动，组织协调能力和语言表达能力强；,7. 有电化学传感器产品、心电监护、血糖仪、体脂仪等医疗器械行业经验、智能穿戴式产品经验者优先；",浙江清华柔性电子技术研究院,1.5-2.5万/月,高级柔性医疗电子产品研究员
北京-昌平区,https://jobs.51job.com/all/co804868.html,"岗位职责：,1）部署docker集群及其生态圈。,2）负责设计开发基于docker集群的云平台，以及处理相关pass课题的问题。,3）负责应用程序容器化改造方案的制定与实施。,4）参与探索基于容器的持续集成和持续交付。,5）探索、研究云平台，微服务方面的新技术，追踪业界发展。,任职要求：,1)   教育背景：计算机相关专业本科及以上学历。,2)   工作经验：3年以上的Linux使用、云平台运维和系统开发经验。,3)   专业技能：,1、熟悉docker及其生态圈，对docker的网络、存储等有深入的理解；,2、熟悉一种docker集群，如 k8s/rancher/swarm/mesos；,3、 熟悉网络和Linux操作系统，熟练掌握至少一门脚本语言（python/shell)，了解Java；,4、熟悉分布式体系架构、产品技术及分布式集群设计思想。,5、熟悉saltstack/ansible运维管理平台并有部署、维护和调优经验者优先；,6、有云平台部署维护、二次开发、生产环境调优经验者优先；,7、熟悉（Git/Svn）和持续集成，对持续集成和持续交付(CI/CD)有深入理解者优先；,4)   综合素质：具有较强的学习能力；具备较强的协调能力；对工作积极主动、认真负责；性格开朗，能够承受困难和压力；具备团队合作精神。",北京北控三兴信息技术有限公司,1.6-2.5万/月,docker工程师
北京-海淀区,https://jobs.51job.com/all/co4675601.html,",待遇根据能力面议。",北京华夏风云科技有限公司,0.6-1.5万/月,高级运维工程师
北京-海淀区,https://jobs.51job.com/all/co4675601.html,",待遇根据能力面议。",北京华夏风云科技有限公司,0.6-1.5万/月,高级运维工程师
北京-朝阳区,https://jobs.51job.com/all/co2917998.html,,内蒙古光大股权投资管理有限公司,0.8-1万/月,数据分析师
北京-朝阳区,https://jobs.51job.com/all/co4116946.html,"【福利】入职即上五险一金，另有餐补、交通补、全勤奖、优秀奖、年终奖金、明星见面会、还有各种做梦都想不到的福利在等你......,岗位职责：,1、负责基于区块链的产品的设计和开发；,2、组织制定和实施技术决策和技术方案，组织架构设计与升级优化；,3、带领团队研究、开发并实现区块链协议、加密技术、共识算法和底层实现；,4、参与相关子系统及业务流程优化重构,指导项目团队成员的区块链相关应用，解决开发中的技术问题；,任职要求：,1、本科以上学历，英语4级，可阅读英文文档；,2、2年以上区块链相关项目开发经验;优先考虑：有真实项目开发及维护经验；,3、掌握Bitcoin，Ethereum，HyperLedger Fabric的区块链相关机制与原理；,4、熟练掌握Java，C++，Go，Node.js, Python等主流区块链系统开发语言至少一种；优先考虑：对操作系统，编译原理，网络原理，加密算法等底层技术有相当的兴趣及研究；,5、熟悉分布式系统架构和分布式存储相关原理，对区块链(Blockchain)，以太坊（Ethereum)，超级账本（Hyperledger）等技术有研究；,6、精通Linux，有Github使用经验；优先考虑：有开源项目维护经验（请附开源项目地址）。",北京粉丝时代网络科技有限公司,2.5-3.5万/月,区块链技术主管
北京-大兴区,https://jobs.51job.com/all/co3795417.html,"岗位职责：,1、负责公司日报、周报、月报；,2、负责商品销售分析、分析商品的销售动态制作分销报表，实时关注商品销售；,3、负责完成当季单品、年份季节商品售罄率跟踪报表；,4、负责商品的库存分析，制定库存风险预警报表；,5、负责每季订货会前订货规划的数据统计分析，为公司提供订货产品结构规划；,6、负责节假日销售数据分析及报表；,7、领导交办的其他事宜；,任职要求：,1、大专及以上学历，信息管理、数学、统计学、财务管理、工商管理、市场营销相关专业优先；,2、一年以上数据分析工作经验，有一定服装商品经验者优先考虑；,3、对数据敏感，较强的分析能力；,4、能熟练运用EXCEL函数、数据透视表、POWER BI等功能，会使用SQLSERVER、MYSQL等数据库工具或SPSS、PYTHON等数据分析软件者优先录取；,5、有团队精神，为人亲和，工作责任心强。",北京凯蓝盛世品牌管理有限公司,4.5-6千/月,数据分析
空,空,空,商助科技（北京）有限公司,空,空
北京-朝阳区,https://jobs.51job.com/all/co1236934.html,,慧国（上海）软件科技有限公司,0.9-1.3万/月,技术支持工程师
北京-朝阳区,https://jobs.51job.com/all/co1236934.html,,慧国（上海）软件科技有限公司,0.9-1.3万/月,技术支持工程师
北京-海淀区,https://jobs.51job.com/all/co4863419.html,"岗位职责：,1、精通java并有较全的知识面、熟练使用spring、springmvc/structs、iBatis/MyBatis等主流框架，具有相关实际开发经验,2、精通TCP/IP、Http、socket、UDP相关协议，精通网络开发,3、熟悉MySQL、Oracle，有redis、memcache缓存使用经验，具备数据库开发经验，SQL优化经验,4、熟悉Html，css，JS，的使用以及ajax技术,5、熟悉linux开发，熟悉Jria、svn、git版本控制工具，熟悉tomcat，Nginx，apache开源服务器,6、熟悉web开发的相关技术，有能力搭建web系统应用框架以及常用的运维知识,7、有使用EChars等大数据可视化工具的工作经验优先,8、具备微服务实际开发经验，熟悉spring cloud优先,9、具备Python实际开发经验，了解爬虫原理,10、能够独立解决开发过程中遇到得技术问题，敢于接受项目挑战，不怕困难,任职要求：,1、熟悉软件开发流程，深刻理解面向对象，熟悉各种常用设计模式。,2、Java基础扎实，有多线程、高开发系统开发经验。,3、熟悉常用数据库（My SQL等），具备一定的调优经验。,4、熟悉http协议，tcp/UDP协议。,5、具有数据搜集（爬虫）经验优先考虑。,6、具有IM（即时通讯）经验优先考虑。",北京大可禾源科技有限公司,1-1.5万/月,Java后台开发工程师
北京-西城区,https://jobs.51job.com/all/co4647271.html,,黎明保险经纪有限公司,0.6-1万/月,IT技术支持
北京-海淀区,https://jobs.51job.com/all/co2062874.html,"8.完成直接主管分配的其他工作。,任职资格：,                                      9.在软件可靠性、性能、安全及易用性等方面有较深入的研究和实现经验。",北京智芯微电子科技有限公司,1-1.5万/月,嵌入式软件工程师
